patient_id,true_label,predicted_label,prob_low,prob_moderate,prob_high,true_class,predicted_class,confidence_percent,correct,tumor_burden_percent,boundary_distance,boundary_proximity_score,probability_margin,model_uncertainty_score,combined_uncertainty_score,reliability_status
221,1,1,0.14080495,0.48976347,0.36943156,Moderate,Moderate,48.976345,True,0.8330912456087284,0.2432912456087284,0.0,0.12033190999999999,0.87966809,0.439834045,Moderate Reliability
45,1,1,0.1603624,0.5118643,0.32777333,Moderate,Moderate,51.18643,True,0.8188946723131809,0.22909467231318092,0.0,0.18409097000000008,0.8159090299999999,0.40795451499999996,Moderate Reliability
199,0,1,0.3475158,0.5240758,0.12840843,Low,Moderate,52.40758,False,0.359100343955024,0.230699656044976,0.0,0.17656,0.82344,0.41172,Moderate Reliability
80,0,1,0.4396006,0.45656508,0.1038344,Low,Moderate,45.65651,False,0.4715275919709654,0.1182724080290346,0.408637959854827,0.016964480000000004,0.98303552,0.6958367399274135,Low Reliability
87,0,1,0.30727878,0.57249004,0.12023118,Low,Moderate,57.249004,False,0.528918991468283,0.06088100853171696,0.6955949573414152,0.26521126000000006,0.7347887399999999,0.7151918486707076,Low Reliability
43,2,2,0.09932325,0.20182355,0.6988532,High,High,69.88532,True,3.716676028151544,2.619776028151544,0.0,0.49702965,0.50297035,0.251485175,High Reliability
134,1,1,0.1555921,0.43677753,0.40763026,Moderate,Moderate,43.677753,True,0.7074350256813885,0.1176350256813885,0.4118248715930575,0.029147270000000003,0.97085273,0.6913388007965288,Low Reliability
46,1,1,0.41477364,0.50469804,0.080528416,Moderate,Moderate,50.469803,True,0.7565887066463707,0.1667887066463707,0.16605646676814656,0.08992439999999996,0.9100756000000001,0.5380660333840733,Moderate Reliability
58,1,2,0.08533515,0.32259065,0.5920742,Moderate,High,59.20742,False,0.5924745339893285,0.002674533989328487,0.9866273300533576,0.26948355,0.73051645,0.8585718900266788,Low Reliability
148,2,2,0.0680916,0.26682764,0.6650808,High,High,66.50808,True,2.720473450875943,1.623573450875943,0.0,0.39825316000000005,0.6017468399999999,0.30087341999999995,High Reliability
128,0,1,0.1815452,0.54186994,0.27658492,Low,Moderate,54.186993,False,0.3663114932859769,0.2234885067140231,0.0,0.26528502,0.73471498,0.36735749,Moderate Reliability
95,0,1,0.18886517,0.41751683,0.39361802,Low,Moderate,41.751682,False,0.5259613496819653,0.0638386503180347,0.6808067484098265,0.023898809999999993,0.9761011900000001,0.8284539692049133,Low Reliability
18,2,2,0.11188849,0.24459839,0.64351314,High,High,64.35131,True,3.0773004797208894,1.9804004797208894,0.0,0.39891475000000004,0.6010852499999999,0.30054262499999995,High Reliability
200,0,1,0.20850384,0.56940895,0.2220872,Low,Moderate,56.940895,False,0.5122835483658223,0.07751645163417764,0.6124177418291118,0.34732175,0.65267825,0.6325479959145559,Moderate Reliability
119,1,2,0.07953074,0.26676214,0.65370715,Moderate,High,65.37071,False,0.796213140571658,0.20641314057165805,0.0,0.38694501000000003,0.61305499,0.306527495,High Reliability
172,2,2,0.052200243,0.08939818,0.8584016,High,High,85.84016,True,1.6746306041921537,0.5777306041921537,0.0,0.76900342,0.23099658,0.11549829,High Reliability
212,1,2,0.12390927,0.39942577,0.4766649,Moderate,High,47.66649,False,1.0909826104846811,0.005917389515318838,0.9704130524234058,0.07723912999999999,0.9227608700000001,0.9465869612117029,Low Reliability
234,1,2,0.06342958,0.1550678,0.7815026,Moderate,High,78.15026,False,0.9851708925180904,0.11172910748190956,0.4413544625904522,0.6264348000000001,0.37356519999999993,0.40745983129522606,Moderate Reliability
173,1,2,0.03945668,0.10051568,0.8600276,Moderate,High,86.00276,False,0.7343587486204329,0.14455874862043294,0.2772062568978353,0.75951192,0.24048808,0.25884716844891764,High Reliability
154,2,1,0.21098201,0.51456404,0.27445403,High,Moderate,51.456406,False,2.177001277191533,1.080101277191533,0.0,0.24011000999999998,0.75988999,0.379944995,Moderate Reliability
91,2,2,0.08010625,0.301173,0.6187208,High,High,61.87208,True,2.0511528223780275,0.9542528223780276,0.0,0.31754779999999994,0.6824522000000001,0.34122610000000003,High Reliability
3,0,1,0.39717358,0.5340281,0.06879829,Low,Moderate,53.402813,False,0.318623833684577,0.271176166315423,0.0,0.13685451999999998,0.86314548,0.43157274,Moderate Reliability
190,2,1,0.19052029,0.43693107,0.3725486,High,Moderate,43.693108,False,1.7307612740616665,0.6338612740616665,0.0,0.06438246999999997,0.93561753,0.467808765,Moderate Reliability
76,1,1,0.37320802,0.5496605,0.077131495,Moderate,Moderate,54.96605,True,1.0266577979475071,0.07024220205249287,0.6487889897375356,0.17645248000000002,0.82354752,0.7361682548687678,Low Reliability
131,2,1,0.13917367,0.49275732,0.368069,High,Moderate,49.275734,False,2.028907058549005,0.932007058549005,0.0,0.12468832000000002,0.87531168,0.43765584,Moderate Reliability
125,2,1,0.16491088,0.5901451,0.24494404,High,Moderate,59.01451,False,1.7107318990040667,0.6138318990040668,0.0,0.34520105999999995,0.65479894,0.32739947,High Reliability
206,0,0,0.59747726,0.37030125,0.032221567,Low,Low,59.747726,True,0.3835467775542484,0.20625322244575162,0.0,0.22717600999999998,0.77282399,0.386411995,Moderate Reliability
231,0,0,0.48719305,0.4520568,0.060750112,Low,Low,48.719303,True,0.3676163439755975,0.2221836560244025,0.0,0.035136250000000036,0.9648637499999999,0.48243187499999995,Moderate Reliability
165,1,1,0.118020445,0.44413966,0.43783987,Moderate,Moderate,44.413967,True,0.7778475631338391,0.18804756313383908,0.0597621843308046,0.006299789999999972,0.9937002100000001,0.5267311971654023,Moderate Reliability
183,2,1,0.22555459,0.58959997,0.18484545,High,Moderate,58.959995,False,1.5302373932917048,0.43333739329170484,0.0,0.36404538,0.63595462,0.31797731,High Reliability
99,1,2,0.11872092,0.3850302,0.49624887,Moderate,High,49.624886,False,1.080513454493695,0.016386545506305028,0.9180672724684749,0.11121867000000002,0.88878133,0.9034243012342374,Low Reliability
107,1,2,0.088329874,0.05610321,0.8555669,Moderate,High,85.556694,False,1.0811059130613487,0.015794086938651253,0.9210295653067437,0.767237026,0.232762974,0.5768962696533719,Moderate Reliability
109,2,2,0.18258375,0.053257182,0.7641591,High,High,76.41591,True,2.0543880183487064,0.9574880183487064,0.0,0.58157535,0.41842464999999995,0.20921232499999998,High Reliability
152,0,2,0.039396334,0.097808175,0.86279553,Low,High,86.27956,False,0.4334721531443647,0.15632784685563528,0.2183607657218236,0.7649873549999999,0.23501264500000008,0.22668670536091184,High Reliability
204,0,1,0.16842288,0.4943702,0.33720696,Low,Moderate,49.43702,False,0.2242321011323757,0.3655678988676243,0.0,0.15716323999999998,0.84283676,0.42141838,Moderate Reliability
113,0,0,0.591736,0.36822033,0.040043626,Low,Low,59.173603,True,0.2161598033516895,0.3736401966483105,0.0,0.22351567000000006,0.77648433,0.388242165,Moderate Reliability
74,0,2,0.14013483,0.3429298,0.5169353,Low,High,51.693527,False,0.2891804679506639,0.3006195320493361,0.0,0.17400549999999998,0.8259945,0.41299725,Moderate Reliability
4,2,2,0.09662061,0.2864589,0.6169205,High,High,61.692047,True,2.446320339296145,1.349420339296145,0.0,0.33046159999999997,0.6695384,0.3347692,High Reliability
146,2,1,0.15189858,0.4766533,0.3714482,High,Moderate,47.66533,False,2.719537513486441,1.6226375134864408,0.0,0.1052051,0.8947949,0.44739745,Moderate Reliability
