z_start,z_end,y_start,y_end,x_start,x_end,occluded_confidence,confidence_drop
32,48,16,32,32,48,0.8086735606193542,0.04972797632217407
32,48,32,48,32,48,0.8401108980178833,0.01829063892364502
16,32,16,32,32,48,0.8427876234054565,0.015613913536071777
32,48,16,32,16,32,0.8481646776199341,0.010236859321594238
16,32,16,32,16,32,0.8516510725021362,0.00675046443939209
0,16,48,64,16,32,0.8563532829284668,0.0020482540130615234
32,48,0,16,16,32,0.8565650582313538,0.0018364787101745605
32,48,32,48,48,64,0.8565740585327148,0.0018274784088134766
0,16,16,32,48,64,0.8566526174545288,0.0017489194869995117
32,48,32,48,16,32,0.8570117950439453,0.0013897418975830078
0,16,32,48,48,64,0.8570597171783447,0.0013418197631835938
16,32,32,48,32,48,0.8570724129676819,0.0013291239738464355
48,64,32,48,32,48,0.857250452041626,0.0011510848999023438
48,64,0,16,32,48,0.857722818851471,0.000678718090057373
48,64,16,32,32,48,0.8578283190727234,0.0005732178688049316
32,48,16,32,48,64,0.8579580187797546,0.00044351816177368164
16,32,16,32,48,64,0.8581087589263916,0.00029277801513671875
0,16,48,64,32,48,0.8581199049949646,0.0002816319465637207
48,64,0,16,16,32,0.8581839203834534,0.00021761655807495117
16,32,0,16,0,16,0.8581919074058533,0.00020962953567504883
48,64,32,48,16,32,0.8582340478897095,0.00016748905181884766
32,48,0,16,48,64,0.8582577705383301,0.0001437664031982422
32,48,48,64,0,16,0.8582765460014343,0.00012499094009399414
16,32,0,16,16,32,0.8583136796951294,8.785724639892578e-05
48,64,16,32,16,32,0.8583199381828308,8.159875869750977e-05
32,48,0,16,0,16,0.8583303093910217,7.12275505065918e-05
48,64,48,64,48,64,0.8583692908287048,3.224611282348633e-05
48,64,0,16,48,64,0.8583735227584839,2.8014183044433594e-05
16,32,48,64,0,16,0.8583950400352478,6.496906280517578e-06
48,64,0,16,0,16,0.8583986163139343,2.9206275939941406e-06
48,64,48,64,0,16,0.8584002256393433,1.3113021850585938e-06
48,64,16,32,0,16,0.8584200739860535,-1.8537044525146484e-05
0,16,48,64,48,64,0.8584288358688354,-2.7298927307128906e-05
48,64,32,48,48,64,0.8584303259849548,-2.8789043426513672e-05
32,48,48,64,32,48,0.8584308624267578,-2.9325485229492188e-05
48,64,16,32,48,64,0.8584724068641663,-7.086992263793945e-05
48,64,48,64,16,32,0.8584814667701721,-7.992982864379883e-05
48,64,32,48,0,16,0.8584890961647034,-8.755922317504883e-05
16,32,16,32,0,16,0.85849928855896,-9.775161743164062e-05
48,64,48,64,32,48,0.8585878014564514,-0.0001862645149230957
0,16,0,16,32,48,0.8586137294769287,-0.00021219253540039062
32,48,48,64,16,32,0.8586202263832092,-0.0002186894416809082
32,48,0,16,32,48,0.8586298227310181,-0.0002282857894897461
16,32,48,64,16,32,0.8587017059326172,-0.0003001689910888672
0,16,48,64,0,16,0.8587254285812378,-0.00032389163970947266
32,48,48,64,48,64,0.8587367534637451,-0.0003352165222167969
16,32,32,48,48,64,0.8587551712989807,-0.0003536343574523926
16,32,0,16,48,64,0.8588074445724487,-0.00040590763092041016
16,32,32,48,0,16,0.8588346242904663,-0.0004330873489379883
16,32,48,64,48,64,0.8588590025901794,-0.00045746564865112305
0,16,0,16,48,64,0.8588670492172241,-0.0004655122756958008
32,48,32,48,0,16,0.8589474558830261,-0.0005459189414978027
32,48,16,32,0,16,0.8590966463088989,-0.0006951093673706055
0,16,0,16,0,16,0.8593165874481201,-0.0009150505065917969
16,32,0,16,32,48,0.8595137000083923,-0.0011121630668640137
16,32,48,64,32,48,0.8600086569786072,-0.0016071200370788574
0,16,32,48,0,16,0.8605169057846069,-0.0021153688430786133
0,16,16,32,0,16,0.8606654405593872,-0.0022639036178588867
0,16,0,16,16,32,0.8627979159355164,-0.004396378993988037
0,16,16,32,32,48,0.8632118105888367,-0.00481027364730835
16,32,32,48,16,32,0.8640011548995972,-0.005599617958068848
0,16,32,48,32,48,0.8658801317214966,-0.007478594779968262
0,16,32,48,16,32,0.8682286143302917,-0.009827077388763428
0,16,16,32,16,32,0.8715230226516724,-0.013121485710144043
