patient_id,valid_slices,bad_slices,tumor_pixels,brain_pixels,tumor_burden_percent,burden_class,label
1,155,0,128667,5286034,2.4340933107883904,High,2
2,155,0,17497,4375277,0.39990610880179706,Low,0
3,155,0,16602,5210533,0.31862383368457703,Low,0
4,155,0,156797,6409504,2.446320339296145,High,2
5,155,0,17239,5108042,0.33748743647761703,Low,0
6,155,0,4951,5361920,0.09233632728574838,Low,0
8,155,0,84225,5098971,1.6518038639560806,High,2
9,155,0,109723,5243403,2.0925913953209396,High,2
10,155,0,99608,5668745,1.7571437769735627,High,2
13,155,0,76851,5348907,1.4367608186121015,High,2
14,155,0,43280,4379189,0.9883108493376286,Moderate,1
15,155,0,32906,4242265,0.775670543919345,Moderate,1
16,155,0,63405,5417468,1.1703807018334025,High,2
17,155,0,73167,6197136,1.1806582911848311,High,2
18,155,0,154673,5026256,3.0773004797208894,High,2
19,155,0,168933,5310489,3.1811194788276564,High,2
20,155,0,57803,5455937,1.05945138296135,Moderate,1
21,155,0,198327,6103524,3.2493851093237285,High,2
22,155,0,79016,5476388,1.4428488266353663,High,2
24,155,0,18842,1352774,1.3928416720013836,High,2
25,155,0,54020,4177172,1.2932194317112151,High,2
26,155,0,20144,5544420,0.36332023908722644,Low,0
27,155,0,28969,5839952,0.49604859765970677,Low,0
28,155,0,102513,6484592,1.5808704695684788,High,2
29,155,0,11569,4549110,0.2543134810985006,Low,0
30,155,0,167849,6325591,2.6534911915740365,High,2
31,155,0,154614,4951753,3.122409377042837,High,2
32,155,0,111810,3843505,2.9090634720131754,High,2
33,155,0,114317,5244269,2.1798462283303928,High,2
34,155,0,69128,5552542,1.2449793265859133,High,2
35,155,0,85477,4897576,1.745291956674077,High,2
36,155,0,51646,5288344,0.9766006144834755,Moderate,1
37,155,0,985,5519427,0.017846055396692446,Low,0
38,155,0,13287,5275875,0.25184448077333144,Low,0
39,155,0,48904,5006432,0.9768234143597676,Moderate,1
40,155,0,64443,4833462,1.3332679557633846,High,2
41,155,0,68322,3726536,1.8333916538039614,High,2
42,155,0,24895,6237834,0.3990968659954721,Low,0
43,155,0,208302,5604524,3.7166760281515434,High,2
44,155,0,33904,5152886,0.6579613831938064,Moderate,1
45,155,0,40008,4885610,0.8188946723131809,Moderate,1
46,155,0,38227,5052547,0.7565887066463707,Moderate,1
47,155,0,25896,6219296,0.41638153257217536,Low,0
48,155,0,19786,4467349,0.44290249094037654,Low,0
49,155,0,41615,3159086,1.317311399563038,High,2
50,155,0,29459,5450920,0.5404408797047104,Low,0
51,155,0,19578,3414958,0.5733013407485539,Low,0
52,155,0,48097,4848968,0.9919017819874248,Moderate,1
53,155,0,17223,3791871,0.45420848968754474,Low,0
54,155,0,24613,6238396,0.39454051971051535,Low,0
55,155,0,9135,3885159,0.23512551223772307,Low,0
56,155,0,33591,4714938,0.7124377881533118,Moderate,1
57,155,0,50827,4503633,1.128577750451691,High,2
58,155,0,22572,3809784,0.5924745339893285,Moderate,1
59,155,0,30496,2791559,1.0924361620155618,Moderate,1
60,155,0,36783,3754507,0.9797025281881218,Moderate,1
61,155,0,20865,3447602,0.6052032688227934,Moderate,1
62,155,0,11609,3943057,0.29441623593064975,Low,0
63,155,0,32566,3680074,0.8849278574289539,Moderate,1
64,155,0,34744,4077842,0.8520192788244371,Moderate,1
65,155,0,31462,5071721,0.6203416946634092,Moderate,1
66,155,0,61784,4875776,1.2671623963036858,High,2
67,155,0,34029,3998506,0.8510428645098945,Moderate,1
68,155,0,10145,4100036,0.24743685177398442,Low,0
69,155,0,49935,6405500,0.7795644368121145,Moderate,1
70,155,0,27704,3826518,0.7240002529715004,Moderate,1
71,155,0,35645,5392371,0.6610264761085615,Moderate,1
72,155,0,20900,6751089,0.30957968410726033,Low,0
73,155,0,34817,5629421,0.6184827889049336,Moderate,1
74,155,0,12860,4447050,0.28918046795066393,Low,0
75,155,0,7351,3895758,0.1886924187796059,Low,0
76,155,0,49901,4860529,1.0266577979475073,Moderate,1
77,155,0,16338,3293986,0.4959948220787823,Low,0
78,155,0,54490,4161085,1.3095142252561531,High,2
79,155,0,48992,4037882,1.213309353765167,High,2
80,155,0,29413,6237811,0.47152759197096544,Low,0
81,155,0,43196,6329389,0.6824671386132216,Moderate,1
82,155,0,41270,6282012,0.6569551283888029,Moderate,1
83,155,0,22992,5265283,0.43667168507371784,Low,0
84,155,0,48127,5131562,0.9378625845307921,Moderate,1
85,155,0,23882,5025256,0.4752394703871803,Low,0
86,155,0,27781,4941803,0.5621632428488145,Low,0
87,155,0,24295,4593331,0.528918991468283,Low,0
88,155,0,63503,4476293,1.418651549395895,High,2
89,155,0,111587,5089068,2.19268046722897,High,2
91,155,0,109315,5329442,2.0511528223780275,High,2
92,155,0,68895,6460356,1.0664272990528694,Moderate,1
93,155,0,161016,6310494,2.5515593549411504,High,2
94,155,0,21993,5531766,0.3975764701543775,Low,0
95,155,0,17440,3315833,0.5259613496819653,Low,0
96,155,0,119561,4589135,2.60530579292176,High,2
97,155,0,171295,5216971,3.283418673402631,High,2
98,155,0,73240,4760111,1.5386195826105735,High,2
99,155,0,44636,4130999,1.080513454493695,Moderate,1
100,155,0,12634,5335271,0.23680146706699623,Low,0
101,155,0,102562,5268074,1.9468595164001112,High,2
102,155,0,10294,5350943,0.19237730620565385,Low,0
103,155,0,22614,8695873,0.2600543959186157,Low,0
104,155,0,24181,5264695,0.4593048600156325,Low,0
105,155,0,57511,4123321,1.3947737757986827,High,2
106,155,0,21607,4931661,0.4381282492855855,Low,0
107,155,0,84485,7814683,1.0811059130613487,Moderate,1
108,155,0,24980,5193837,0.4809546391232532,Low,0
109,155,0,123057,5989959,2.0543880183487064,High,2
110,155,0,34827,4830120,0.7210379866338724,Moderate,1
112,155,0,25192,5486837,0.45913519938718794,Low,0
113,155,0,11052,5112884,0.21615980335168958,Low,0
114,155,0,39344,5330646,0.7380718959765853,Moderate,1
115,155,0,34947,3483108,1.0033280621789507,Moderate,1
116,155,0,43568,7126997,0.6113093635369848,Moderate,1
117,155,0,7789,4810702,0.16190984184844542,Low,0
118,155,0,31575,5672223,0.5566600607909808,Low,0
119,155,0,39096,4910243,0.796213140571658,Moderate,1
120,155,0,63573,5140874,1.2366185205083804,High,2
121,155,0,98351,6699929,1.4679409289262617,High,2
122,155,0,108886,4517570,2.4102780919830797,High,2
123,155,0,11156,4264517,0.26160055171546975,Low,0
124,155,0,75071,5178029,1.4497987554724008,High,2
125,155,0,72790,4254904,1.7107318990040667,High,2
126,155,0,71747,5267085,1.362176611921015,High,2
127,155,0,76350,5030722,1.517674798965238,High,2
128,155,0,18812,5135520,0.3663114932859769,Low,0
129,155,0,51793,3266760,1.5854547012942488,High,2
130,155,0,135759,5194359,2.613585237370001,High,2
131,155,0,74515,3672667,2.0289070585490054,High,2
132,155,0,22158,5021937,0.44122417306310296,Low,0
133,155,0,198581,5568392,3.5662180392472367,High,2
134,155,0,34874,4929640,0.7074350256813885,Moderate,1
135,155,0,124669,4685403,2.66079566688287,High,2
136,155,0,118992,5417374,2.196488557001972,High,2
137,155,0,57979,4535891,1.2782273648110152,High,2
138,155,0,162926,5932457,2.746349446780651,High,2
139,155,0,45847,5249958,0.8732831767416044,Moderate,1
140,155,0,13724,5734942,0.23930494850688985,Low,0
141,155,0,113077,4820935,2.3455408546267478,High,2
142,155,0,70800,5195870,1.3626206968226688,High,2
143,155,0,27079,5359363,0.5052652712645141,Low,0
144,155,0,73957,4495850,1.6450059499316037,High,2
145,155,0,39938,6000998,0.665522634735089,Moderate,1
146,155,0,145087,5334988,2.719537513486441,High,2
147,155,0,10574,5866232,0.18025199139754447,Low,0
148,155,0,142640,5243205,2.720473450875943,High,2
149,155,0,7946,4791107,0.1658489363731597,Low,0
150,155,0,71126,4704017,1.5120268485424266,High,2
151,155,0,4312,5380518,0.08014098270835633,Low,0
152,155,0,20307,4684730,0.43347215314436477,Low,0
153,155,0,270472,5146302,5.25565736328727,High,2
154,155,0,76516,3514743,2.177001277191533,High,2
155,155,0,37866,4692875,0.8068827744186666,Moderate,1
156,155,0,229209,4275539,5.36093811797764,High,2
158,155,0,45413,3140247,1.4461601268944768,High,2
159,155,0,62944,4028143,1.5626058955702418,High,2
160,155,0,22659,3445018,0.6577324124286142,Moderate,1
161,155,0,27171,4192922,0.64802064049844,Moderate,1
162,155,0,9879,4219870,0.23410673788529032,Low,0
163,155,0,214963,4192369,5.127482814609115,High,2
164,155,0,854,4023430,0.021225670634259824,Low,0
165,155,0,32349,4158784,0.7778475631338391,Moderate,1
166,155,0,40942,4686097,0.8736908348248019,Moderate,1
167,155,0,108474,5662666,1.9155994720507972,High,2
168,155,0,40778,4647801,0.8773611434740859,Moderate,1
169,155,0,26618,2972135,0.895585160162644,Moderate,1
170,155,0,178700,4477277,3.9912652266098343,High,2
171,155,0,81052,4168852,1.9442282911458597,High,2
172,155,0,92329,5513395,1.6746306041921537,High,2
173,155,0,36969,5034188,0.7343587486204329,Moderate,1
174,155,0,142576,4944123,2.8837470265201737,High,2
175,155,0,29225,4529855,0.6451641388079751,Moderate,1
176,155,0,241707,4665250,5.181008520443706,High,2
177,155,0,57978,4759648,1.2181152891978566,High,2
178,155,0,38848,3030575,1.2818689522615345,High,2
179,155,0,129516,5647413,2.293368662784181,High,2
180,155,0,22121,3188521,0.693769932830927,Moderate,1
182,155,0,142565,3134236,4.548636414105383,High,2
183,155,0,50799,3319681,1.5302373932917048,High,2
184,155,0,32846,4337545,0.7572486279681249,Moderate,1
185,155,0,169919,3320540,5.117209851409711,High,2
186,155,0,36611,7548259,0.485025752295993,Low,0
187,155,0,22565,5976810,0.37754253523200504,Low,0
188,155,0,52585,6673068,0.7880183447853372,Moderate,1
189,155,0,10930,5253266,0.2080610424067618,Low,0
190,155,0,65675,3794573,1.7307612740616665,High,2
191,155,0,47880,6181955,0.7745122699857893,Moderate,1
192,155,0,42671,4426910,0.9639003277681272,Moderate,1
193,155,0,31341,4499412,0.6965576835373155,Moderate,1
194,155,0,2279,4298800,0.0530147948264632,Low,0
195,155,0,32702,4768453,0.6857989373073405,Moderate,1
196,155,0,15340,6497735,0.23608226558947076,Low,0
197,155,0,36085,5015489,0.7194712220483387,Moderate,1
198,155,0,22540,4182120,0.5389611010683577,Low,0
199,155,0,17925,4991641,0.359100343955024,Low,0
200,155,0,28352,5534435,0.5122835483658223,Low,0
201,155,0,34052,5316919,0.6404460929346488,Moderate,1
202,155,0,36533,5844124,0.6251236284514154,Moderate,1
203,155,0,55654,5464656,1.0184355611771354,Moderate,1
204,155,0,9277,4137231,0.22423210113237574,Low,0
205,155,0,33698,3851729,0.874879826696011,Moderate,1
206,155,0,19212,5009037,0.38354677755424843,Low,0
207,155,0,43965,7506295,0.5857083954201107,Low,0
208,155,0,22659,8492661,0.2668068347482609,Low,0
209,155,0,34697,4959965,0.6995412266013974,Moderate,1
210,155,0,29008,6259757,0.46340456985790346,Low,0
211,155,0,9957,5842744,0.1704165029308147,Low,0
212,155,0,45975,4214091,1.0909826104846811,Moderate,1
213,155,0,25719,4370748,0.5884347484686832,Low,0
214,155,0,34758,4177421,0.8320444599670466,Moderate,1
215,155,0,38747,3661423,1.0582497569933875,Moderate,1
216,155,0,26881,3579886,0.7508898328047318,Moderate,1
217,155,0,46915,4617292,1.0160717580781116,Moderate,1
218,155,0,13453,4263888,0.3155101634939754,Low,0
219,155,0,24165,5871652,0.4115536819961401,Low,0
220,155,0,14410,7740229,0.18617020245783428,Low,0
221,155,0,27817,3339010,0.8330912456087284,Moderate,1
222,155,0,49351,5991913,0.8236267782926755,Moderate,1
223,155,0,9865,4862101,0.2028958263104777,Low,0
224,155,0,28840,4222118,0.6830694926101071,Moderate,1
225,155,0,6748,3667937,0.1839726254840255,Low,0
226,155,0,22797,5978373,0.38132448410294906,Low,0
227,155,0,16236,5288881,0.3069836511730931,Low,0
228,155,0,23406,3243604,0.7216047335001436,Moderate,1
229,155,0,20119,5162929,0.3896819034311725,Low,0
230,155,0,54456,5726098,0.9510141111800741,Moderate,1
231,155,0,17469,4751965,0.3676163439755975,Low,0
232,155,0,42868,8926562,0.4802296785705404,Low,0
233,155,0,44680,4618035,0.967511073432748,Moderate,1
234,155,0,53708,5451643,0.9851708925180904,Moderate,1
235,155,0,44874,4082464,1.0991891171606167,High,2
236,155,0,42162,4722930,0.8927085516829596,Moderate,1
237,155,0,35466,5478588,0.6473565816593618,Moderate,1
238,155,0,29929,5659873,0.5287927838663518,Low,0
239,155,0,73362,5330694,1.3762185561579787,High,2
240,155,0,34203,4294503,0.7964367471625936,Moderate,1
241,155,0,41020,3590040,1.1426056534189033,High,2
242,155,0,17539,5020900,0.3493198430560258,Low,0
243,155,0,44696,2819136,1.585450293990783,High,2
244,155,0,52925,5635581,0.9391223371645265,Moderate,1
245,155,0,35657,3699485,0.9638368583735304,Moderate,1
246,155,0,43185,5144617,0.8394210881004359,Moderate,1
247,155,0,10879,7811249,0.13927350158726215,Low,0
248,155,0,23437,3495747,0.6704432557619301,Moderate,1
249,155,0,43374,5705025,0.7602771241142676,Moderate,1
251,155,0,12913,3793085,0.34043529211710255,Low,0
252,155,0,42247,4159852,1.01558901614769,Moderate,1
253,155,0,24107,5743980,0.41969157274224494,Low,0
254,155,0,28576,3532328,0.8089848960798658,Moderate,1
255,155,0,102207,4407188,2.319097801137596,High,2
256,155,0,51195,2514354,2.036109473844972,High,2
257,155,0,26165,3854685,0.6787843883482049,Moderate,1
258,155,0,39140,2965605,1.319798152484906,High,2
259,155,0,18351,4248623,0.4319281800244456,Low,0
260,155,0,35105,3639983,0.9644275811178238,Moderate,1
261,155,0,47895,7495893,0.638949888959194,Moderate,1
262,155,0,9994,6092558,0.1640361897252353,Low,0
263,155,0,41487,4218996,0.983338216011582,Moderate,1
264,155,0,25284,6981552,0.36215443213772525,Low,0
265,155,0,12237,5647846,0.21666667256862177,Low,0
266,155,0,21897,3815236,0.5739356621713572,Low,0
