patient_id,tumor_burden_percent,burden_class,label
56,0.7124377881533118,Moderate,1
209,0.6995412266013974,Moderate,1
124,1.4497987554724008,High,2
175,0.6451641388079751,Moderate,1
71,0.6610264761085615,Moderate,1
102,0.19237730620565385,Low,0
207,0.5857083954201107,Low,0
145,0.665522634735089,Moderate,1
54,0.39454051971051535,Low,0
140,0.23930494850688985,Low,0
25,1.2932194317112151,High,2
260,0.9644275811178238,Moderate,1
126,1.362176611921015,High,2
249,0.7602771241142676,Moderate,1
264,0.36215443213772525,Low,0
112,0.45913519938718794,Low,0
139,0.8732831767416044,Moderate,1
69,0.7795644368121145,Moderate,1
252,1.01558901614769,Moderate,1
35,1.745291956674077,High,2
219,0.4115536819961401,Low,0
263,0.983338216011582,Moderate,1
147,0.18025199139754447,Low,0
180,0.693769932830927,Moderate,1
61,0.6052032688227934,Moderate,1
179,2.293368662784181,High,2
57,1.128577750451691,High,2
225,0.1839726254840255,Low,0
129,1.5854547012942488,High,2
17,1.1806582911848311,High,2
228,0.7216047335001436,Moderate,1
82,0.6569551283888029,Moderate,1
73,0.6184827889049336,Moderate,1
50,0.5404408797047104,Low,0
164,0.021225670634259824,Low,0
105,1.3947737757986827,High,2
215,1.0582497569933875,Moderate,1
98,1.5386195826105735,High,2
10,1.7571437769735627,High,2
85,0.4752394703871803,Low,0
166,0.8736908348248019,Moderate,1
115,1.0033280621789507,Moderate,1
32,2.9090634720131754,High,2
97,3.283418673402631,High,2
153,5.25565736328727,High,2
44,0.6579613831938064,Moderate,1
132,0.44122417306310296,Low,0
133,3.5662180392472367,High,2
208,0.2668068347482609,Low,0
15,0.775670543919345,Moderate,1
49,1.317311399563038,High,2
211,0.1704165029308147,Low,0
229,0.3896819034311725,Low,0
218,0.3155101634939754,Low,0
96,2.60530579292176,High,2
138,2.746349446780651,High,2
232,0.4802296785705404,Low,0
227,0.3069836511730931,Low,0
6,0.09233632728574838,Low,0
37,0.017846055396692446,Low,0
149,0.1658489363731597,Low,0
47,0.41638153257217536,Low,0
188,0.7880183447853372,Moderate,1
168,0.8773611434740859,Moderate,1
189,0.2080610424067618,Low,0
214,0.8320444599670466,Moderate,1
222,0.8236267782926755,Moderate,1
29,0.2543134810985006,Low,0
213,0.5884347484686832,Low,0
151,0.08014098270835633,Low,0
72,0.30957968410726033,Low,0
150,1.5120268485424266,High,2
51,0.5733013407485539,Low,0
1,2.4340933107883904,High,2
110,0.7210379866338724,Moderate,1
256,2.036109473844972,High,2
78,1.3095142252561531,High,2
24,1.3928416720013836,High,2
65,0.6203416946634092,Moderate,1
123,0.26160055171546975,Low,0
117,0.16190984184844542,Low,0
195,0.6857989373073405,Moderate,1
160,0.6577324124286142,Moderate,1
84,0.9378625845307921,Moderate,1
178,1.2818689522615345,High,2
265,0.21666667256862177,Low,0
89,2.19268046722897,High,2
42,0.3990968659954721,Low,0
247,0.13927350158726215,Low,0
254,0.8089848960798658,Moderate,1
171,1.9442282911458597,High,2
191,0.7745122699857893,Moderate,1
143,0.5052652712645141,Low,0
240,0.7964367471625936,Moderate,1
237,0.6473565816593618,Moderate,1
163,5.127482814609115,High,2
60,0.9797025281881218,Moderate,1
242,0.3493198430560258,Low,0
192,0.9639003277681272,Moderate,1
20,1.05945138296135,Moderate,1
94,0.3975764701543775,Low,0
177,1.2181152891978566,High,2
21,3.2493851093237285,High,2
198,0.5389611010683577,Low,0
62,0.29441623593064975,Low,0
120,1.2366185205083804,High,2
170,3.9912652266098343,High,2
36,0.9766006144834755,Moderate,1
83,0.43667168507371784,Low,0
104,0.4593048600156325,Low,0
220,0.18617020245783428,Low,0
93,2.5515593549411504,High,2
106,0.4381282492855855,Low,0
77,0.4959948220787823,Low,0
194,0.0530147948264632,Low,0
121,1.4679409289262617,High,2
70,0.7240002529715004,Moderate,1
197,0.7194712220483387,Moderate,1
137,1.2782273648110152,High,2
114,0.7380718959765853,Moderate,1
246,0.8394210881004359,Moderate,1
118,0.5566600607909808,Low,0
155,0.8068827744186666,Moderate,1
108,0.4809546391232532,Low,0
159,1.5626058955702418,High,2
257,0.6787843883482049,Moderate,1
16,1.1703807018334025,High,2
27,0.49604859765970677,Low,0
68,0.24743685177398442,Low,0
196,0.23608226558947076,Low,0
205,0.874879826696011,Moderate,1
262,0.1640361897252353,Low,0
100,0.23680146706699623,Low,0
81,0.6824671386132216,Moderate,1
161,0.64802064049844,Moderate,1
31,3.122409377042837,High,2
156,5.36093811797764,High,2
141,2.3455408546267478,High,2
239,1.3762185561579787,High,2
30,2.6534911915740365,High,2
182,4.548636414105383,High,2
48,0.44290249094037654,Low,0
34,1.2449793265859133,High,2
55,0.23512551223772307,Low,0
67,0.8510428645098945,Moderate,1
127,1.517674798965238,High,2
224,0.6830694926101071,Moderate,1
193,0.6965576835373155,Moderate,1
19,3.1811194788276564,High,2
235,1.0991891171606167,High,2
217,1.0160717580781116,Moderate,1
33,2.1798462283303928,High,2
174,2.8837470265201737,High,2
244,0.9391223371645265,Moderate,1
230,0.9510141111800741,Moderate,1
144,1.6450059499316037,High,2
64,0.8520192788244371,Moderate,1
169,0.895585160162644,Moderate,1
13,1.4367608186121015,High,2
122,2.4102780919830797,High,2
266,0.5739356621713572,Low,0
40,1.3332679557633846,High,2
88,1.418651549395895,High,2
28,1.5808704695684788,High,2
41,1.8333916538039614,High,2
243,1.585450293990783,High,2
248,0.6704432557619301,Moderate,1
26,0.36332023908722644,Low,0
9,2.0925913953209396,High,2
162,0.23410673788529032,Low,0
130,2.613585237370001,High,2
38,0.25184448077333144,Low,0
167,1.9155994720507972,High,2
2,0.39990610880179706,Low,0
92,1.0664272990528694,Moderate,1
223,0.2028958263104777,Low,0
203,1.0184355611771354,Moderate,1
202,0.6251236284514154,Moderate,1
79,1.213309353765167,High,2
