patient_id,true_class,predicted_class,confidence_percent,tumor_burden_percent
221,Moderate,Moderate,48.976345,0.8330912456087284
45,Moderate,Moderate,51.18643,0.8188946723131809
199,Low,Moderate,52.40758,0.359100343955024
80,Low,Moderate,45.65651,0.4715275919709654
87,Low,Moderate,57.249004,0.528918991468283
43,High,High,69.88532,3.716676028151544
134,Moderate,Moderate,43.677753,0.7074350256813885
46,Moderate,Moderate,50.469803,0.7565887066463707
58,Moderate,High,59.20742,0.5924745339893285
148,High,High,66.50808,2.720473450875943
128,Low,Moderate,54.186993,0.3663114932859769
95,Low,Moderate,41.751682,0.5259613496819653
18,High,High,64.35131,3.0773004797208894
200,Low,Moderate,56.940895,0.5122835483658223
119,Moderate,High,65.37071,0.796213140571658
172,High,High,85.84016,1.6746306041921537
212,Moderate,High,47.66649,1.0909826104846811
234,Moderate,High,78.15026,0.9851708925180904
173,Moderate,High,86.00276,0.7343587486204329
154,High,Moderate,51.456406,2.177001277191533
91,High,High,61.87208,2.0511528223780275
3,Low,Moderate,53.402813,0.318623833684577
190,High,Moderate,43.693108,1.7307612740616665
76,Moderate,Moderate,54.96605,1.0266577979475071
131,High,Moderate,49.275734,2.028907058549005
125,High,Moderate,59.01451,1.7107318990040667
206,Low,Low,59.747726,0.3835467775542484
231,Low,Low,48.719303,0.3676163439755975
165,Moderate,Moderate,44.413967,0.7778475631338391
183,High,Moderate,58.959995,1.5302373932917048
99,Moderate,High,49.624886,1.080513454493695
107,Moderate,High,85.556694,1.0811059130613487
109,High,High,76.41591,2.0543880183487064
152,Low,High,86.27956,0.4334721531443647
204,Low,Moderate,49.43702,0.2242321011323757
113,Low,Low,59.173603,0.2161598033516895
74,Low,High,51.693527,0.2891804679506639
4,High,High,61.692047,2.446320339296145
146,High,Moderate,47.66533,2.719537513486441
